{
  "project_info": {
    "project_number": "333677121882",
    "project_id": "ehiaa-7860d",
    "storage_bucket": "ehiaa-7860d.appspot.com"
  },
  "client": [
    {
      "client_info": {
        "mobilesdk_app_id": "1:333677121882:android:5b87f1d7bdb7f84a1f2363",
        "android_client_info": {
          "package_name": "com.project.ehyaa"
        }
      },
      "oauth_client": [
        {
          "client_id": "333677121882-12uueokbiaudcthppo75krt72rgdvj3b.apps.googleusercontent.com",
          "client_type": 3
        }
      ],
      "api_key": [
        {
          "current_key": "AIzaSyCRcXShzoyIe9zyZL9tLUBU2iEyyOPvSJE"
        }
      ],
      "services": {
        "appinvite_service": {
          "other_platform_oauth_client": [
            {
              "client_id": "333677121882-12uueokbiaudcthppo75krt72rgdvj3b.apps.googleusercontent.com",
              "client_type": 3
            }
          ]
        }
      }
    }
  ],
  "configuration_version": "1"
}